﻿<?xml version="1.0" encoding="utf-8" ?><!--(c) Copyright 2009, VersionOne, Inc. All rights reserved. (c)-->
 
<TestData>
	<Get path="rest-1.v1/Data/Story?sel=Name">
		<Response>
			<![CDATA[
			<Assets total="1" pageSize="2147483647" pageStart="0">
				<Asset href="/VersionOne.Web/rest-1.v1/Data/Story/1042" id="Story:1042">
					<Attribute name="Name">Story</Attribute>
				</Asset>
			</Assets>				
			]]>		
		</Response>
	</Get>
	<Post path="rest-1.v1/Data/Story">
		<Request>
			<![CDATA[
				<Asset>
					<Attribute name="Name" act="set">New Story</Attribute>
					<Relation name="Scope" act="set">
						<Asset idref="Scope:0" />
					</Relation>
				</Asset>
			]]>
		</Request>
		<Response>
			<![CDATA[
				<Asset href="/VersionOne/rest-1.v1/Data/Story/1072/214" id="Story:1072:214">
					<Attribute name="Name">New Story</Attribute>
					<Relation name="Scope">
						<Asset href="/VersionOne.Web/rest-1.v1/Data/Scope/0" idref="Scope:0" />
					</Relation>
				</Asset>
			]]>			
		</Response>
	</Post>
</TestData>